image_url,posting_id,,,,
https://cdn.pixabay.com/photo/2016/11/18/17/20/living-room-1835923_1280.jpg,1,,,,
https://cdn.pixabay.com/photo/2014/08/11/21/39/wall-416060_1280.jpg,1,,,,
https://cdn.pixabay.com/photo/2015/10/20/18/57/furniture-998265_1280.jpg,1,,,,
https://cdn.pixabay.com/photo/2016/06/24/10/47/house-1477041_1280.jpg,1,,,,
https://cdn.pixabay.com/photo/2017/09/09/18/25/living-room-2732939_1280.jpg,2,,,,
https://cdn.pixabay.com/photo/2017/03/22/17/39/kitchen-2165756_1280.jpg,2,,,,
https://cdn.pixabay.com/photo/2017/08/27/10/16/interior-2685521_1280.jpg,2,,,,
https://cdn.pixabay.com/photo/2014/12/27/14/37/living-room-581073_1280.jpg,2,,,,
https://cdn.pixabay.com/photo/2014/08/11/21/40/bedroom-416062_1280.jpg,3,,,,
https://cdn.pixabay.com/photo/2017/03/28/12/11/chairs-2181960_1280.jpg,3,,,,
https://cdn.pixabay.com/photo/2017/01/07/17/48/interior-1961070_1280.jpg,3,,,,
https://cdn.pixabay.com/photo/2015/04/20/06/46/office-730681_1280.jpg,7,,,,
https://cdn.pixabay.com/photo/2016/11/18/14/05/brick-wall-1834784_1280.jpg,7,,,,
https://cdn.pixabay.com/photo/2017/03/28/12/10/chairs-2181947_1280.jpg,7,,,,
https://cdn.pixabay.com/photo/2016/04/18/08/50/kitchen-1336160_1280.jpg,8,,,,
https://cdn.pixabay.com/photo/2017/03/19/01/43/living-room-2155376_1280.jpg,8,,,,
https://cdn.pixabay.com/photo/2016/08/26/15/06/home-1622401_1280.jpg,8,,,,
https://cdn.pixabay.com/photo/2017/08/02/01/01/living-room-2569325_1280.jpg,9,,,,
https://cdn.pixabay.com/photo/2016/12/30/07/59/kitchen-1940174_1280.jpg,9,,,,
https://cdn.pixabay.com/photo/2017/03/28/12/17/chairs-2181994_1280.jpg,10,,,,
https://cdn.pixabay.com/photo/2014/09/15/21/46/couch-447484_1280.jpg,10,,,,
https://cdn.pixabay.com/photo/2017/08/03/15/38/architecture-2576906_1280.jpg,10,,,,
https://cdn.pixabay.com/photo/2018/01/26/08/15/dining-room-3108037_1280.jpg,11,,,,
https://cdn.pixabay.com/photo/2020/11/24/11/36/bedroom-5772286_1280.jpg,11,,,,
https://cdn.pixabay.com/photo/2020/10/18/09/16/bedroom-5664221_1280.jpg,12,,,,
https://cdn.pixabay.com/photo/2016/09/22/11/55/kitchen-1687121_1280.jpg,12,,,,
https://cdn.pixabay.com/photo/2017/06/13/22/42/kitchen-2400367_1280.jpg,13,,,,
https://cdn.pixabay.com/photo/2016/11/19/13/06/bed-1839183_1280.jpg,13,,,,
https://cdn.pixabay.com/photo/2021/11/08/00/30/bedroom-6778193_1280.jpg,14,,,,
https://cdn.pixabay.com/photo/2016/03/28/09/34/bedroom-1285156_1280.jpg,14,,,, 